[{"model": "tags.tag", "pk": 1, "fields": {"name": "Easy"}}, {"model": "tags.tag", "pk": 2, "fields": {"name": "Quick"}}, {"model": "tags.tag", "pk": 3, "fields": {"name": "Family"}}, {"model": "tags.tag", "pk": 4, "fields": {"name": "Hearty"}}, {"model": "tags.tag", "pk": 5, "fields": {"name": "Light"}}, {"model": "tags.tag", "pk": 6, "fields": {"name": "Fresh"}}, {"model": "tags.tag", "pk": 7, "fields": {"name": "Sweet"}}, {"model": "tags.tag", "pk": 8, "fields": {"name": "Snack"}}, {"model": "tags.tag", "pk": 9, "fields": {"name": "Spicy"}}, {"model": "tags.tag", "pk": 10, "fields": {"name": "Comfort"}}, {"model": "tags.tag", "pk": 11, "fields": {"name": "Vegetarian"}}, {"model": "tags.tag", "pk": 12, "fields": {"name": "Healthy"}}, {"model": "tags.tag", "pk": 13, "fields": {"name": "Vegan"}}, {"model": "tags.tag", "pk": 14, "fields": {"name": "Creamy"}}, {"model": "tags.tag", "pk": 15, "fields": {"name": "Rich"}}, {"model": "tags.tag", "pk": 16, "fields": {"name": "Cozy"}}, {"model": "tags.tag", "pk": 17, "fields": {"name": "Soup"}}, {"model": "tags.tag", "pk": 18, "fields": {"name": "Classic"}}, {"model": "tags.tag", "pk": 19, "fields": {"name": "Fusion"}}, {"model": "tags.tag", "pk": 20, "fields": {"name": "Winter"}}, {"model": "ingredients.ingredient", "pk": 21, "fields": {"name": "Flour", "description": "", "is_allergen": false}}, {"model": "ingredients.ingredient", "pk": 22, "fields": {"name": "Milk", "description": "", "is_allergen": false}}, {"model": "ingredients.ingredient", "pk": 23, "fields": {"name": "Egg", "description": "", "is_allergen": false}}, {"model": "ingredients.ingredient", "pk": 24, "fields": {"name": "Sugar", "description": "", "is_allergen": false}}, {"model": "ingredients.ingredient", "pk": 25, "fields": {"name": "Baking powder", "description": "", "is_allergen": false}}, {"model": "ingredients.ingredient", "pk": 26, "fields": {"name": "Salt", "description": "", "is_allergen": false}}, {"model": "ingredients.ingredient", "pk": 27, "fields": {"name": "Butter", "description": "", "is_allergen": false}}, {"model": "ingredients.ingredient", "pk": 28, "fields": {"name": "Spaghetti", "description": "", "is_allergen": false}}, {"model": "ingredients.ingredient", "pk": 29, "fields": {"name": "Ground Beef", "description": "", "is_allergen": false}}, {"model": "ingredients.ingredient", "pk": 30, "fields": {"name": "Onion", "description": "", "is_allergen": false}}, {"model": "ingredients.ingredient", "pk": 31, "fields": {"name": "Garlic", "description": "", "is_allergen": false}}, {"model": "ingredients.ingredient", "pk": 32, "fields": {"name": "Tomato Sauce", "description": "", "is_allergen": false}}, {"model": "ingredients.ingredient", "pk": 33, "fields": {"name": "Olive oil", "description": "", "is_allergen": false}}, {"model": "ingredients.ingredient", "pk": 35, "fields": {"name": "Pepper", "description": "", "is_allergen": false}}, {"model": "ingredients.ingredient", "pk": 36, "fields": {"name": "Romaine lettuce", "description": "", "is_allergen": false}}, {"model": "ingredients.ingredient", "pk": 37, "fields": {"name": "Croutons", "description": "", "is_allergen": false}}, {"model": "ingredients.ingredient", "pk": 38, "fields": {"name": "Parmesan Cheese", "description": "", "is_allergen": false}}, {"model": "ingredients.ingredient", "pk": 39, "fields": {"name": "Caesar Dressing", "description": "", "is_allergen": false}}, {"model": "ingredients.ingredient", "pk": 40, "fields": {"name": "Chicken Breast", "description": "", "is_allergen": false}}, {"model": "ingredients.ingredient", "pk": 42, "fields": {"name": "Brown Sugar", "description": "", "is_allergen": false}}, {"model": "ingredients.ingredient", "pk": 43, "fields": {"name": "Chocolate Chips", "description": "", "is_allergen": false}}, {"model": "ingredients.ingredient", "pk": 44, "fields": {"name": "Baking soda", "description": "", "is_allergen": false}}, {"model": "ingredients.ingredient", "pk": 45, "fields": {"name": "Vanilla Extract", "description": "", "is_allergen": false}}, {"model": "ingredients.ingredient", "pk": 46, "fields": {"name": "Ginger", "description": "", "is_allergen": false}}, {"model": "ingredients.ingredient", "pk": 47, "fields": {"name": "Curry Powder", "description": "", "is_allergen": false}}, {"model": "ingredients.ingredient", "pk": 48, "fields": {"name": "Coconut milk", "description": "", "is_allergen": false}}, {"model": "ingredients.ingredient", "pk": 49, "fields": {"name": "Tomato", "description": "", "is_allergen": false}}, {"model": "ingredients.ingredient", "pk": 50, "fields": {"name": "Cilantro", "description": "", "is_allergen": false}}, {"model": "ingredients.ingredient", "pk": 51, "fields": {"name": "Sourdough Bread", "description": "", "is_allergen": false}}, {"model": "ingredients.ingredient", "pk": 52, "fields": {"name": "Pepperjack", "description": "", "is_allergen": false}}, {"model": "ingredients.ingredient", "pk": 53, "fields": {"name": "Garlic clove", "description": "", "is_allergen": false}}, {"model": "ingredients.ingredient", "pk": 54, "fields": {"name": "Sesame seeds", "description": "", "is_allergen": false}}, {"model": "ingredients.ingredient", "pk": 55, "fields": {"name": "Heavy Cream", "description": "", "is_allergen": false}}, {"model": "ingredients.ingredient", "pk": 56, "fields": {"name": "Fettuccine", "description": "", "is_allergen": false}}, {"model": "ingredients.ingredient", "pk": 57, "fields": {"name": "Tomatoes", "description": "", "is_allergen": false}}, {"model": "ingredients.ingredient", "pk": 58, "fields": {"name": "Vegetable broth", "description": "", "is_allergen": false}}, {"model": "ingredients.ingredient", "pk": 59, "fields": {"name": "Fresh basil", "description": "", "is_allergen": false}}, {"model": "ingredients.ingredient", "pk": 60, "fields": {"name": "Taco seasoning", "description": "", "is_allergen": false}}, {"model": "ingredients.ingredient", "pk": 61, "fields": {"name": "Tortillas", "description": "", "is_allergen": false}}, {"model": "ingredients.ingredient", "pk": 62, "fields": {"name": "Lettuce", "description": "", "is_allergen": false}}, {"model": "ingredients.ingredient", "pk": 63, "fields": {"name": "Cheddar cheese", "description": "", "is_allergen": false}}, {"model": "ingredients.ingredient", "pk": 64, "fields": {"name": "Pizza Dough", "description": "", "is_allergen": false}}, {"model": "ingredients.ingredient", "pk": 65, "fields": {"name": "Mozzarella cheese", "description": "", "is_allergen": false}}, {"model": "ingredients.ingredient", "pk": 66, "fields": {"name": "Cucumber", "description": "", "is_allergen": false}}, {"model": "ingredients.ingredient", "pk": 67, "fields": {"name": "Red Onion", "description": "", "is_allergen": false}}, {"model": "ingredients.ingredient", "pk": 68, "fields": {"name": "Kalamata olives", "description": "", "is_allergen": false}}, {"model": "ingredients.ingredient", "pk": 69, "fields": {"name": "Feta Cheese", "description": "", "is_allergen": false}}, {"model": "ingredients.ingredient", "pk": 70, "fields": {"name": "Red wine vinegar", "description": "", "is_allergen": false}}, {"model": "ingredients.ingredient", "pk": 71, "fields": {"name": "Rice", "description": "", "is_allergen": false}}, {"model": "ingredients.ingredient", "pk": 72, "fields": {"name": "Pineapple", "description": "", "is_allergen": false}}, {"model": "ingredients.ingredient", "pk": 73, "fields": {"name": "Peas", "description": "", "is_allergen": false}}, {"model": "ingredients.ingredient", "pk": 74, "fields": {"name": "Green onion", "description": "", "is_allergen": false}}, {"model": "ingredients.ingredient", "pk": 75, "fields": {"name": "Celery Stalks", "description": "", "is_allergen": false}}, {"model": "ingredients.ingredient", "pk": 76, "fields": {"name": "Potatoes", "description": "", "is_allergen": false}}, {"model": "ingredients.ingredient", "pk": 77, "fields": {"name": "Thyme", "description": "", "is_allergen": false}}, {"model": "ingredients.ingredient", "pk": 78, "fields": {"name": "Beef", "description": "", "is_allergen": false}}, {"model": "ingredients.ingredient", "pk": 79, "fields": {"name": "Tomato paste", "description": "", "is_allergen": false}}, {"model": "ingredients.ingredient", "pk": 80, "fields": {"name": "Beef broth", "description": "", "is_allergen": false}}, {"model": "ingredients.ingredient", "pk": 81, "fields": {"name": "Rosemary", "description": "", "is_allergen": false}}, {"model": "ingredients.ingredient", "pk": 82, "fields": {"name": "All-purpose flour", "description": "", "is_allergen": false}}, {"model": "ingredients.ingredient", "pk": 83, "fields": {"name": "Bay leaf", "description": "", "is_allergen": false}}, {"model": "ingredients.ingredient", "pk": 84, "fields": {"name": "Vegetable oil", "description": "", "is_allergen": false}}, {"model": "ingredients.ingredient", "pk": 85, "fields": {"name": "Bell pepper", "description": "", "is_allergen": false}}, {"model": "ingredients.ingredient", "pk": 86, "fields": {"name": "Carrot", "description": "", "is_allergen": false}}, {"model": "ingredients.ingredient", "pk": 87, "fields": {"name": "Broccoli", "description": "", "is_allergen": false}}, {"model": "ingredients.ingredient", "pk": 88, "fields": {"name": "Snap peas", "description": "", "is_allergen": false}}, {"model": "ingredients.ingredient", "pk": 89, "fields": {"name": "Soy sauce", "description": "", "is_allergen": false}}, {"model": "ingredients.ingredient", "pk": 90, "fields": {"name": "Oregano", "description": "", "is_allergen": false}}, {"model": "ingredients.ingredient", "pk": 91, "fields": {"name": "Zucchini", "description": "", "is_allergen": false}}, {"model": "ingredients.ingredient", "pk": 92, "fields": {"name": "Green beans", "description": "", "is_allergen": false}}, {"model": "ingredients.ingredient", "pk": 93, "fields": {"name": "Italian seasoning", "description": "", "is_allergen": false}}, {"model": "recipes.recipe", "pk": 1, "fields": {"name": "Classic Pancakes", "description": "Fluffy classic pancakes perfect for a quick breakfast.", "prep_time": 10, "cook_time": 15, "instructions": "Mix dry ingredients. Whisk milk and eggs. Combine and cook on griddle.", "created_at": "2025-08-20T07:47:37.923Z", "image": "recipes/best-homemade-pancakes-index-640775a2dbad8.avif", "tags": [1, 2], "loved_by": [1]}}, {"model": "recipes.recipe", "pk": 2, "fields": {"name": "Spaghetti Bolognese", "description": "Traditional Italian pasta with a rich meat sauce.", "prep_time": 15, "cook_time": 45, "instructions": "Cook spaghetti. Prepare sauce with beef and tomato. Serve hot.", "created_at": "2025-08-20T07:48:59.635Z", "image": "recipes/Spaghetti-Bolognese-13-Edit.jpg", "tags": [3, 4], "loved_by": [1]}}, {"model": "recipes.recipe", "pk": 3, "fields": {"name": "Caesar Salad", "description": "Crisp salad with creamy dressing and crunchy croutons.", "prep_time": 10, "cook_time": 0, "instructions": "Toss all ingredients in a bowl and serve chilled.", "created_at": "2025-08-20T07:50:16.341Z", "image": "recipes/caesar-salad.jpg", "tags": [5, 6], "loved_by": []}}, {"model": "recipes.recipe", "pk": 4, "fields": {"name": "Chocolate Chip Cookies", "description": "Chewy cookies loaded with chocolate chips.", "prep_time": 15, "cook_time": 12, "instructions": "Mix dough, fold in chips, bake until golden.", "created_at": "2025-08-20T07:51:13.473Z", "image": "recipes/Chocolate-Chip-Cookies-15-1200-1.jpg", "tags": [7, 8], "loved_by": []}}, {"model": "recipes.recipe", "pk": 5, "fields": {"name": "Chicken Curry", "description": "Flavorful curry with tender chicken and aromatic spices.", "prep_time": 20, "cook_time": 40, "instructions": "Sauté spices and chicken, add liquids, simmer until cooked.", "created_at": "2025-08-20T07:51:56.291Z", "image": "recipes/Chicken_Curry.jpeg", "tags": [9, 10], "loved_by": []}}, {"model": "recipes.recipe", "pk": 6, "fields": {"name": "Vegetable Stir-Fry", "description": "A colorful medley of vegetables stir-fried in a savory soy sauce.", "prep_time": 10, "cook_time": 10, "instructions": "1. Heat oil in a pan; sauté garlic.\r\n\r\n2. Add vegetables and stir-fry on high heat.\r\n\r\n3. Add soy sauce and cook for 2–3 more minutes.", "created_at": "2025-08-29T06:18:52.460Z", "image": "recipes/VegetableStirFry_9.jpg", "tags": [2, 12, 13], "loved_by": []}}, {"model": "recipes.recipe", "pk": 7, "fields": {"name": "Chicken Alfredo Pasta", "description": "Creamy Alfredo sauce tossed with pasta and juicy grilled chicken.", "prep_time": 10, "cook_time": 20, "instructions": "1. Cook pasta and set aside.\r\n\r\n2. Grill seasoned chicken and slice.\r\n\r\n3. In a pan, sauté garlic in butter, add cream and Parmesan.\r\n\r\n4. Combine with pasta and chicken.", "created_at": "2025-08-29T06:19:56.475Z", "image": "recipes/Chicken-Alfredo-in-the-pan-done.jpg", "tags": [14, 15], "loved_by": []}}, {"model": "recipes.recipe", "pk": 8, "fields": {"name": "Grilled Cheese Sandwich", "description": "Crispy golden bread with melted cheese inside — a comforting classic.", "prep_time": 5, "cook_time": 5, "instructions": "1. Butter one side of each bread slice.\r\n\r\n2. Place a slice of cheese between the unbuttered sides of the bread.\r\n\r\n3. Heat a pan over medium heat and place the sandwich in the pan.\r\n\r\n4. Cook for 2–3 minutes per side, until golden brown and the cheese is melted.", "created_at": "2025-08-29T20:35:36.958Z", "image": "recipes/Sourdough-grilled-cheese-sandwich-67-of-3.jpg", "tags": [2, 10, 11], "loved_by": []}}, {"model": "recipes.recipe", "pk": 9, "fields": {"name": "Tomato Basil Soup", "description": "Smooth and comforting soup made with ripe tomatoes and fresh basil.", "prep_time": 10, "cook_time": 30, "instructions": "1. Sauté onion and garlic in oil.\r\n\r\n2. Add tomatoes and broth; simmer 20 minutes.\r\n\r\n3. Blend soup, stir in basil, season, and serve.", "created_at": "2025-08-29T21:13:48.032Z", "image": "recipes/roasted-tomato-soup-4.jpg", "tags": [16, 17], "loved_by": []}}, {"model": "recipes.recipe", "pk": 10, "fields": {"name": "Beef Tacos", "description": "Spiced ground beef in a taco shell with classic toppings.", "prep_time": 10, "cook_time": 15, "instructions": "1. Cook beef with taco seasoning.\r\n\r\n2. Fill taco shells with beef and toppings.\r\n\r\n3. Serve immediately.", "created_at": "2025-08-29T21:20:07.574Z", "image": "recipes/ground-beef-tacos-10.jpg", "tags": [2, 9], "loved_by": []}}, {"model": "recipes.recipe", "pk": 11, "fields": {"name": "Margarita Pizza", "description": "Simple yet flavorful pizza with tomato, mozzarella, and fresh basil.", "prep_time": 15, "cook_time": 15, "instructions": "1. Spread sauce on dough.\r\n\r\n2. Add mozzarella and basil.\r\n\r\n3. Bake at 475°F (245°C) for 12–15 mins.\r\n\r\n4. Drizzle with olive oil and serve.", "created_at": "2025-08-29T21:23:45.524Z", "image": "recipes/margherita-pizza-close.jpg", "tags": [3, 18], "loved_by": []}}, {"model": "recipes.recipe", "pk": 12, "fields": {"name": "Greek Salad", "description": "A crisp, tangy salad with feta, olives, and fresh veggies.", "prep_time": 10, "cook_time": 0, "instructions": "1. Combine all ingredients in a bowl.\r\n\r\n2. Toss with olive oil, oregano, salt, and pepper.", "created_at": "2025-08-29T21:26:08.343Z", "image": "recipes/Greek-Salad-6-1.webp", "tags": [11, 12], "loved_by": []}}, {"model": "recipes.recipe", "pk": 13, "fields": {"name": "Pineapple Fried Rice", "description": "Savory fried rice with sweet pineapple chunks and vegetables.", "prep_time": 10, "cook_time": 15, "instructions": "1. Heat oil and stir-fry vegetables.\r\n\r\n2. Add rice, soy sauce, and pineapple.\r\n\r\n3. Push rice aside, scramble egg if using, then combine.\r\n\r\n4. Garnish with green onion.", "created_at": "2025-08-29T21:30:01.218Z", "image": "recipes/pineapple_fried_rice.jpeg", "tags": [11, 19], "loved_by": []}}, {"model": "recipes.recipe", "pk": 14, "fields": {"name": "Beef Stew", "description": "A hearty stew with tender beef and root vegetables simmered in savory broth.", "prep_time": 20, "cook_time": 120, "instructions": "1. Toss beef in flour, brown in oil.\r\n\r\n2. Add onion, garlic, broth, and herbs.\r\n\r\n3. Simmer for 1 hour, add vegetables, cook until tender.", "created_at": "2025-08-29T21:33:08.973Z", "image": "recipes/beef-stew-index-652e94c53b39b.avif", "tags": [4, 10, 20], "loved_by": []}}, {"model": "recipes.recipe", "pk": 15, "fields": {"name": "Vegetable Soup", "description": "A light, comforting soup filled with a mix of seasonal vegetables.", "prep_time": 15, "cook_time": 30, "instructions": "1. Sauté onion and garlic.\r\n\r\n2. Add chopped veggies and broth.\r\n\r\n3. Simmer for 30 mins until veggies are soft.\r\n\r\n4. Season and serve warm.", "created_at": "2025-08-29T21:36:38.499Z", "image": "recipes/vegetable-soup-7.jpg", "tags": [1, 2, 11, 12], "loved_by": []}}, {"model": "recipes.recipeingredient", "pk": 1, "fields": {"recipe": 1, "ingredient": 21, "quantity": "x"}}, {"model": "recipes.recipeingredient", "pk": 2, "fields": {"recipe": 1, "ingredient": 22, "quantity": "x"}}, {"model": "recipes.recipeingredient", "pk": 3, "fields": {"recipe": 1, "ingredient": 23, "quantity": "x"}}, {"model": "recipes.recipeingredient", "pk": 4, "fields": {"recipe": 1, "ingredient": 24, "quantity": "x"}}, {"model": "recipes.recipeingredient", "pk": 5, "fields": {"recipe": 1, "ingredient": 25, "quantity": "x"}}, {"model": "recipes.recipeingredient", "pk": 6, "fields": {"recipe": 1, "ingredient": 26, "quantity": "x"}}, {"model": "recipes.recipeingredient", "pk": 7, "fields": {"recipe": 1, "ingredient": 27, "quantity": "x"}}, {"model": "recipes.recipeingredient", "pk": 8, "fields": {"recipe": 2, "ingredient": 28, "quantity": "x"}}, {"model": "recipes.recipeingredient", "pk": 9, "fields": {"recipe": 2, "ingredient": 29, "quantity": "x"}}, {"model": "recipes.recipeingredient", "pk": 10, "fields": {"recipe": 2, "ingredient": 30, "quantity": "x"}}, {"model": "recipes.recipeingredient", "pk": 11, "fields": {"recipe": 2, "ingredient": 31, "quantity": "x"}}, {"model": "recipes.recipeingredient", "pk": 12, "fields": {"recipe": 2, "ingredient": 32, "quantity": "x"}}, {"model": "recipes.recipeingredient", "pk": 13, "fields": {"recipe": 2, "ingredient": 33, "quantity": "x"}}, {"model": "recipes.recipeingredient", "pk": 15, "fields": {"recipe": 2, "ingredient": 35, "quantity": "x"}}, {"model": "recipes.recipeingredient", "pk": 16, "fields": {"recipe": 3, "ingredient": 36, "quantity": "x"}}, {"model": "recipes.recipeingredient", "pk": 17, "fields": {"recipe": 3, "ingredient": 37, "quantity": "x"}}, {"model": "recipes.recipeingredient", "pk": 18, "fields": {"recipe": 3, "ingredient": 38, "quantity": "x"}}, {"model": "recipes.recipeingredient", "pk": 19, "fields": {"recipe": 3, "ingredient": 38, "quantity": "x"}}, {"model": "recipes.recipeingredient", "pk": 20, "fields": {"recipe": 3, "ingredient": 39, "quantity": "x"}}, {"model": "recipes.recipeingredient", "pk": 21, "fields": {"recipe": 3, "ingredient": 40, "quantity": "x"}}, {"model": "recipes.recipeingredient", "pk": 22, "fields": {"recipe": 4, "ingredient": 21, "quantity": "x"}}, {"model": "recipes.recipeingredient", "pk": 23, "fields": {"recipe": 4, "ingredient": 27, "quantity": "x"}}, {"model": "recipes.recipeingredient", "pk": 24, "fields": {"recipe": 4, "ingredient": 24, "quantity": "x"}}, {"model": "recipes.recipeingredient", "pk": 25, "fields": {"recipe": 4, "ingredient": 42, "quantity": "x"}}, {"model": "recipes.recipeingredient", "pk": 26, "fields": {"recipe": 4, "ingredient": 23, "quantity": "x"}}, {"model": "recipes.recipeingredient", "pk": 27, "fields": {"recipe": 4, "ingredient": 43, "quantity": "x"}}, {"model": "recipes.recipeingredient", "pk": 28, "fields": {"recipe": 4, "ingredient": 44, "quantity": "x"}}, {"model": "recipes.recipeingredient", "pk": 29, "fields": {"recipe": 4, "ingredient": 45, "quantity": "x"}}, {"model": "recipes.recipeingredient", "pk": 30, "fields": {"recipe": 4, "ingredient": 26, "quantity": "x"}}, {"model": "recipes.recipeingredient", "pk": 31, "fields": {"recipe": 5, "ingredient": 40, "quantity": "x"}}, {"model": "recipes.recipeingredient", "pk": 32, "fields": {"recipe": 5, "ingredient": 30, "quantity": "x"}}, {"model": "recipes.recipeingredient", "pk": 33, "fields": {"recipe": 5, "ingredient": 31, "quantity": "x"}}, {"model": "recipes.recipeingredient", "pk": 34, "fields": {"recipe": 5, "ingredient": 46, "quantity": "x"}}, {"model": "recipes.recipeingredient", "pk": 35, "fields": {"recipe": 5, "ingredient": 47, "quantity": "x"}}, {"model": "recipes.recipeingredient", "pk": 36, "fields": {"recipe": 5, "ingredient": 48, "quantity": "x"}}, {"model": "recipes.recipeingredient", "pk": 37, "fields": {"recipe": 5, "ingredient": 49, "quantity": "x"}}, {"model": "recipes.recipeingredient", "pk": 38, "fields": {"recipe": 5, "ingredient": 50, "quantity": "x"}}, {"model": "recipes.recipeingredient", "pk": 39, "fields": {"recipe": 7, "ingredient": 21, "quantity": "1"}}, {"model": "recipes.recipeingredient", "pk": 40, "fields": {"recipe": 7, "ingredient": 31, "quantity": "1"}}, {"model": "recipes.recipeingredient", "pk": 41, "fields": {"recipe": 7, "ingredient": 32, "quantity": "1"}}, {"model": "recipes.recipeingredient", "pk": 42, "fields": {"recipe": 7, "ingredient": 49, "quantity": "1"}}, {"model": "recipes.recipeingredient", "pk": 43, "fields": {"recipe": 8, "ingredient": 51, "quantity": "x"}}, {"model": "recipes.recipeingredient", "pk": 44, "fields": {"recipe": 8, "ingredient": 52, "quantity": "x"}}, {"model": "recipes.recipeingredient", "pk": 45, "fields": {"recipe": 8, "ingredient": 27, "quantity": "x"}}, {"model": "recipes.recipeingredient", "pk": 46, "fields": {"recipe": 6, "ingredient": 84, "quantity": "x"}}, {"model": "recipes.recipeingredient", "pk": 47, "fields": {"recipe": 6, "ingredient": 85, "quantity": "x"}}, {"model": "recipes.recipeingredient", "pk": 48, "fields": {"recipe": 6, "ingredient": 86, "quantity": "x"}}, {"model": "recipes.recipeingredient", "pk": 49, "fields": {"recipe": 6, "ingredient": 87, "quantity": "x"}}, {"model": "recipes.recipeingredient", "pk": 50, "fields": {"recipe": 6, "ingredient": 88, "quantity": "x"}}, {"model": "recipes.recipeingredient", "pk": 51, "fields": {"recipe": 6, "ingredient": 89, "quantity": "x"}}, {"model": "recipes.recipeingredient", "pk": 52, "fields": {"recipe": 6, "ingredient": 31, "quantity": "x"}}, {"model": "recipes.recipeingredient", "pk": 53, "fields": {"recipe": 7, "ingredient": 40, "quantity": "x"}}, {"model": "recipes.recipeingredient", "pk": 54, "fields": {"recipe": 7, "ingredient": 56, "quantity": "x"}}, {"model": "recipes.recipeingredient", "pk": 55, "fields": {"recipe": 7, "ingredient": 27, "quantity": "x"}}, {"model": "recipes.recipeingredient", "pk": 56, "fields": {"recipe": 7, "ingredient": 55, "quantity": "x"}}, {"model": "recipes.recipeingredient", "pk": 57, "fields": {"recipe": 7, "ingredient": 38, "quantity": "x"}}, {"model": "recipes.recipeingredient", "pk": 58, "fields": {"recipe": 7, "ingredient": 26, "quantity": "x"}}, {"model": "recipes.recipeingredient", "pk": 59, "fields": {"recipe": 7, "ingredient": 35, "quantity": "x"}}, {"model": "recipes.recipeingredient", "pk": 60, "fields": {"recipe": 7, "ingredient": 53, "quantity": "x"}}, {"model": "recipes.recipeingredient", "pk": 61, "fields": {"recipe": 9, "ingredient": 33, "quantity": "x"}}, {"model": "recipes.recipeingredient", "pk": 62, "fields": {"recipe": 9, "ingredient": 30, "quantity": "x"}}, {"model": "recipes.recipeingredient", "pk": 63, "fields": {"recipe": 9, "ingredient": 57, "quantity": "x"}}, {"model": "recipes.recipeingredient", "pk": 64, "fields": {"recipe": 9, "ingredient": 58, "quantity": "x"}}, {"model": "recipes.recipeingredient", "pk": 65, "fields": {"recipe": 9, "ingredient": 53, "quantity": "x"}}, {"model": "recipes.recipeingredient", "pk": 66, "fields": {"recipe": 9, "ingredient": 26, "quantity": "x"}}, {"model": "recipes.recipeingredient", "pk": 67, "fields": {"recipe": 9, "ingredient": 35, "quantity": "x"}}, {"model": "recipes.recipeingredient", "pk": 68, "fields": {"recipe": 9, "ingredient": 59, "quantity": "x"}}, {"model": "recipes.recipeingredient", "pk": 69, "fields": {"recipe": 10, "ingredient": 29, "quantity": "x"}}, {"model": "recipes.recipeingredient", "pk": 70, "fields": {"recipe": 10, "ingredient": 60, "quantity": "x"}}, {"model": "recipes.recipeingredient", "pk": 71, "fields": {"recipe": 10, "ingredient": 61, "quantity": "x"}}, {"model": "recipes.recipeingredient", "pk": 72, "fields": {"recipe": 10, "ingredient": 62, "quantity": "x"}}, {"model": "recipes.recipeingredient", "pk": 73, "fields": {"recipe": 10, "ingredient": 57, "quantity": "x"}}, {"model": "recipes.recipeingredient", "pk": 74, "fields": {"recipe": 10, "ingredient": 63, "quantity": "x"}}, {"model": "recipes.recipeingredient", "pk": 75, "fields": {"recipe": 11, "ingredient": 64, "quantity": "x"}}, {"model": "recipes.recipeingredient", "pk": 76, "fields": {"recipe": 11, "ingredient": 32, "quantity": "x"}}, {"model": "recipes.recipeingredient", "pk": 77, "fields": {"recipe": 11, "ingredient": 65, "quantity": "x"}}, {"model": "recipes.recipeingredient", "pk": 78, "fields": {"recipe": 11, "ingredient": 59, "quantity": "x"}}, {"model": "recipes.recipeingredient", "pk": 79, "fields": {"recipe": 11, "ingredient": 33, "quantity": "x"}}, {"model": "recipes.recipeingredient", "pk": 80, "fields": {"recipe": 12, "ingredient": 66, "quantity": "x"}}, {"model": "recipes.recipeingredient", "pk": 81, "fields": {"recipe": 12, "ingredient": 57, "quantity": "x"}}, {"model": "recipes.recipeingredient", "pk": 82, "fields": {"recipe": 12, "ingredient": 68, "quantity": "x"}}, {"model": "recipes.recipeingredient", "pk": 83, "fields": {"recipe": 12, "ingredient": 67, "quantity": "x"}}, {"model": "recipes.recipeingredient", "pk": 84, "fields": {"recipe": 12, "ingredient": 69, "quantity": "x"}}, {"model": "recipes.recipeingredient", "pk": 85, "fields": {"recipe": 12, "ingredient": 33, "quantity": "x"}}, {"model": "recipes.recipeingredient", "pk": 86, "fields": {"recipe": 12, "ingredient": 90, "quantity": "x"}}, {"model": "recipes.recipeingredient", "pk": 87, "fields": {"recipe": 12, "ingredient": 26, "quantity": "x"}}, {"model": "recipes.recipeingredient", "pk": 88, "fields": {"recipe": 12, "ingredient": 35, "quantity": "x"}}, {"model": "recipes.recipeingredient", "pk": 89, "fields": {"recipe": 13, "ingredient": 71, "quantity": "x"}}, {"model": "recipes.recipeingredient", "pk": 90, "fields": {"recipe": 13, "ingredient": 72, "quantity": "x"}}, {"model": "recipes.recipeingredient", "pk": 91, "fields": {"recipe": 13, "ingredient": 73, "quantity": "x"}}, {"model": "recipes.recipeingredient", "pk": 92, "fields": {"recipe": 13, "ingredient": 86, "quantity": "x"}}, {"model": "recipes.recipeingredient", "pk": 93, "fields": {"recipe": 13, "ingredient": 30, "quantity": "x"}}, {"model": "recipes.recipeingredient", "pk": 94, "fields": {"recipe": 13, "ingredient": 89, "quantity": "x"}}, {"model": "recipes.recipeingredient", "pk": 95, "fields": {"recipe": 13, "ingredient": 23, "quantity": "x"}}, {"model": "recipes.recipeingredient", "pk": 96, "fields": {"recipe": 13, "ingredient": 33, "quantity": "x"}}, {"model": "recipes.recipeingredient", "pk": 97, "fields": {"recipe": 14, "ingredient": 80, "quantity": "x"}}, {"model": "recipes.recipeingredient", "pk": 98, "fields": {"recipe": 14, "ingredient": 78, "quantity": "x"}}, {"model": "recipes.recipeingredient", "pk": 99, "fields": {"recipe": 14, "ingredient": 21, "quantity": "x"}}, {"model": "recipes.recipeingredient", "pk": 100, "fields": {"recipe": 14, "ingredient": 33, "quantity": "x"}}, {"model": "recipes.recipeingredient", "pk": 101, "fields": {"recipe": 14, "ingredient": 86, "quantity": "x"}}, {"model": "recipes.recipeingredient", "pk": 102, "fields": {"recipe": 14, "ingredient": 76, "quantity": "x"}}, {"model": "recipes.recipeingredient", "pk": 103, "fields": {"recipe": 14, "ingredient": 30, "quantity": "x"}}, {"model": "recipes.recipeingredient", "pk": 104, "fields": {"recipe": 14, "ingredient": 53, "quantity": "x"}}, {"model": "recipes.recipeingredient", "pk": 105, "fields": {"recipe": 14, "ingredient": 77, "quantity": "x"}}, {"model": "recipes.recipeingredient", "pk": 106, "fields": {"recipe": 14, "ingredient": 26, "quantity": "x"}}, {"model": "recipes.recipeingredient", "pk": 107, "fields": {"recipe": 14, "ingredient": 35, "quantity": "x"}}, {"model": "recipes.recipeingredient", "pk": 108, "fields": {"recipe": 15, "ingredient": 33, "quantity": "x"}}, {"model": "recipes.recipeingredient", "pk": 109, "fields": {"recipe": 15, "ingredient": 30, "quantity": "x"}}, {"model": "recipes.recipeingredient", "pk": 110, "fields": {"recipe": 15, "ingredient": 31, "quantity": "x"}}, {"model": "recipes.recipeingredient", "pk": 111, "fields": {"recipe": 15, "ingredient": 86, "quantity": "x"}}, {"model": "recipes.recipeingredient", "pk": 112, "fields": {"recipe": 15, "ingredient": 76, "quantity": "x"}}, {"model": "recipes.recipeingredient", "pk": 113, "fields": {"recipe": 15, "ingredient": 91, "quantity": "x"}}, {"model": "recipes.recipeingredient", "pk": 114, "fields": {"recipe": 15, "ingredient": 58, "quantity": "x"}}, {"model": "recipes.recipeingredient", "pk": 115, "fields": {"recipe": 15, "ingredient": 92, "quantity": "x"}}, {"model": "recipes.recipeingredient", "pk": 116, "fields": {"recipe": 15, "ingredient": 26, "quantity": "x"}}, {"model": "recipes.recipeingredient", "pk": 117, "fields": {"recipe": 15, "ingredient": 35, "quantity": "x"}}, {"model": "recipes.recipeingredient", "pk": 118, "fields": {"recipe": 15, "ingredient": 93, "quantity": "x"}}, {"model": "recipes.recipecategory", "pk": 1, "fields": {"recipe": 1, "category": 1}}, {"model": "recipes.recipecategory", "pk": 2, "fields": {"recipe": 2, "category": 2}}, {"model": "recipes.recipecategory", "pk": 3, "fields": {"recipe": 3, "category": 3}}, {"model": "recipes.recipecategory", "pk": 4, "fields": {"recipe": 4, "category": 4}}, {"model": "recipes.recipecategory", "pk": 5, "fields": {"recipe": 5, "category": 2}}, {"model": "recipes.recipecategory", "pk": 6, "fields": {"recipe": 8, "category": 3}}, {"model": "recipes.recipecategory", "pk": 7, "fields": {"recipe": 6, "category": 2}}, {"model": "recipes.recipecategory", "pk": 8, "fields": {"recipe": 7, "category": 2}}, {"model": "recipes.recipecategory", "pk": 9, "fields": {"recipe": 9, "category": 3}}, {"model": "recipes.recipecategory", "pk": 10, "fields": {"recipe": 10, "category": 2}}, {"model": "recipes.recipecategory", "pk": 11, "fields": {"recipe": 11, "category": 2}}, {"model": "recipes.recipecategory", "pk": 12, "fields": {"recipe": 12, "category": 3}}, {"model": "recipes.recipecategory", "pk": 13, "fields": {"recipe": 13, "category": 2}}, {"model": "recipes.recipecategory", "pk": 14, "fields": {"recipe": 14, "category": 2}}, {"model": "recipes.recipecategory", "pk": 15, "fields": {"recipe": 15, "category": 3}}]